{"cameraMode":{"drawMode":0,"name":"Shaded","section":"Shading Mode"},"sceneLighting":false,"audioPlay":false,"sceneViewState":{"m_AlwaysRefresh":false,"showFog":false,"showSkybox":false,"showFlares":false,"showImageEffects":false,"showParticleSystems":false,"showVisualEffectGraphs":true,"m_FxEnabled":true},"in2DMode":false,"pivot":{"x":-0.04677706956863403,"y":0.8013719320297241,"z":0.20152121782302857},"rotation":{"x":-0.07790476083755493,"y":0.02092644013464451,"z":-0.0016417212318629027,"w":-0.9967548251152039},"size":1.3370357751846314,"orthographic":false}